"FullPath","ParentFolder","Name","Type","Extension","Length","CreationTime","LastWriteTime"
"C:\Users\liqui\PycharmProjects\GEDCOM_Parser_Project\gedcom_parser\__init__.py","C:\Users\liqui\PycharmProjects\GEDCOM_Parser_Project\gedcom_parser","__init__.py","File",".py","6164","16-Jan-25 13:09:41","16-Feb-25 19:26:56"
"C:\Users\liqui\PycharmProjects\GEDCOM_Parser_Project\gedcom_parser\__pycache__",,"__pycache__","Directory","",,"16-Jan-25 17:02:34","17-Feb-25 15:56:03"
"C:\Users\liqui\PycharmProjects\GEDCOM_Parser_Project\gedcom_parser\__pycache__\__init__.cpython-313.pyc","C:\Users\liqui\PycharmProjects\GEDCOM_Parser_Project\gedcom_parser\__pycache__","__init__.cpython-313.pyc","File",".pyc","7322","17-Feb-25 15:56:03","17-Feb-25 15:56:03"
"C:\Users\liqui\PycharmProjects\GEDCOM_Parser_Project\gedcom_parser\Architecture and Approach for GEDCOM 5.5.5 Data Processing.pdf","C:\Users\liqui\PycharmProjects\GEDCOM_Parser_Project\gedcom_parser","Architecture and Approach for GEDCOM 5.5.5 Data Processing.pdf","File",".pdf","170258","24-Jun-25 17:08:57","24-Jun-25 17:08:58"
"C:\Users\liqui\PycharmProjects\GEDCOM_Parser_Project\gedcom_parser\config",,"config","Directory","",,"16-Jan-25 13:11:39","25-Jun-25 13:30:34"
"C:\Users\liqui\PycharmProjects\GEDCOM_Parser_Project\gedcom_parser\config\__init__.py","C:\Users\liqui\PycharmProjects\GEDCOM_Parser_Project\gedcom_parser\config","__init__.py","File",".py","623","16-Jan-25 13:11:39","25-Jun-25 13:30:34"
"C:\Users\liqui\PycharmProjects\GEDCOM_Parser_Project\gedcom_parser\config\__pycache__",,"__pycache__","Directory","",,"16-Jan-25 17:02:34","25-Feb-25 14:12:20"
"C:\Users\liqui\PycharmProjects\GEDCOM_Parser_Project\gedcom_parser\config\__pycache__\__init__.cpython-313.pyc","C:\Users\liqui\PycharmProjects\GEDCOM_Parser_Project\gedcom_parser\config\__pycache__","__init__.cpython-313.pyc","File",".pyc","716","25-Feb-25 14:12:20","25-Feb-25 14:12:20"
"C:\Users\liqui\PycharmProjects\GEDCOM_Parser_Project\gedcom_parser\config\__pycache__\config.cpython-313.pyc","C:\Users\liqui\PycharmProjects\GEDCOM_Parser_Project\gedcom_parser\config\__pycache__","config.cpython-313.pyc","File",".pyc","7229","25-Feb-25 14:11:14","25-Feb-25 14:11:14"
"C:\Users\liqui\PycharmProjects\GEDCOM_Parser_Project\gedcom_parser\config\config.py","C:\Users\liqui\PycharmProjects\GEDCOM_Parser_Project\gedcom_parser\config","config.py","File",".py","4407","14-Feb-25 15:17:22","25-Jun-25 13:30:34"
"C:\Users\liqui\PycharmProjects\GEDCOM_Parser_Project\gedcom_parser\config\config.yaml","C:\Users\liqui\PycharmProjects\GEDCOM_Parser_Project\gedcom_parser\config","config.yaml","File",".yaml","2627","14-Feb-25 13:56:50","25-Feb-25 15:09:35"
"C:\Users\liqui\PycharmProjects\GEDCOM_Parser_Project\gedcom_parser\config\enrich_names_config.yml","C:\Users\liqui\PycharmProjects\GEDCOM_Parser_Project\gedcom_parser\config","enrich_names_config.yml","File",".yml","619","16-Feb-25 16:19:25","17-Feb-25 13:56:39"
"C:\Users\liqui\PycharmProjects\GEDCOM_Parser_Project\gedcom_parser\config\gedcom_tags.json","C:\Users\liqui\PycharmProjects\GEDCOM_Parser_Project\gedcom_parser\config","gedcom_tags.json","File",".json","11576","05-Feb-25 18:31:50","08-Feb-25 16:13:10"
"C:\Users\liqui\PycharmProjects\GEDCOM_Parser_Project\gedcom_parser\config\gedcom_tags_meta_schema.json","C:\Users\liqui\PycharmProjects\GEDCOM_Parser_Project\gedcom_parser\config","gedcom_tags_meta_schema.json","File",".json","1763","08-Feb-25 14:34:34","08-Feb-25 14:42:50"
"C:\Users\liqui\PycharmProjects\GEDCOM_Parser_Project\gedcom_parser\config\processing_config.yml","C:\Users\liqui\PycharmProjects\GEDCOM_Parser_Project\gedcom_parser\config","processing_config.yml","File",".yml","1000","14-Feb-25 12:40:50","17-Feb-25 13:55:51"
"C:\Users\liqui\PycharmProjects\GEDCOM_Parser_Project\gedcom_parser\databases",,"databases","Directory","",,"16-Jan-25 13:54:34","25-Jun-25 13:30:34"
"C:\Users\liqui\PycharmProjects\GEDCOM_Parser_Project\gedcom_parser\databases\__init__.py","C:\Users\liqui\PycharmProjects\GEDCOM_Parser_Project\gedcom_parser\databases","__init__.py","File",".py","1828","16-Jan-25 13:54:34","25-Jun-25 13:30:34"
"C:\Users\liqui\PycharmProjects\GEDCOM_Parser_Project\gedcom_parser\databases\__pycache__",,"__pycache__","Directory","",,"19-Jan-25 14:48:25","25-Feb-25 13:57:32"
"C:\Users\liqui\PycharmProjects\GEDCOM_Parser_Project\gedcom_parser\databases\db_manager.py","C:\Users\liqui\PycharmProjects\GEDCOM_Parser_Project\gedcom_parser\databases","db_manager.py","File",".py","5399","15-Feb-25 14:55:34","25-Jun-25 13:30:34"
"C:\Users\liqui\PycharmProjects\GEDCOM_Parser_Project\gedcom_parser\databases\gedcom_database.db","C:\Users\liqui\PycharmProjects\GEDCOM_Parser_Project\gedcom_parser\databases","gedcom_database.db","File",".db","176128","14-Feb-25 11:42:36","16-Feb-25 13:04:51"
"C:\Users\liqui\PycharmProjects\GEDCOM_Parser_Project\gedcom_parser\databases\gedcom_schema.json","C:\Users\liqui\PycharmProjects\GEDCOM_Parser_Project\gedcom_parser\databases","gedcom_schema.json","File",".json","39791","14-Feb-25 15:59:40","25-Feb-25 15:28:43"
"C:\Users\liqui\PycharmProjects\GEDCOM_Parser_Project\gedcom_parser\databases\gedcom_schema.sql","C:\Users\liqui\PycharmProjects\GEDCOM_Parser_Project\gedcom_parser\databases","gedcom_schema.sql","File",".sql","14294","13-Feb-25 14:32:12","13-Feb-25 14:32:12"
"C:\Users\liqui\PycharmProjects\GEDCOM_Parser_Project\gedcom_parser\databases\utils",,"utils","Directory","",,"25-Feb-25 09:49:44","25-Jun-25 13:30:34"
"C:\Users\liqui\PycharmProjects\GEDCOM_Parser_Project\gedcom_parser\databases\utils\__init__.py","C:\Users\liqui\PycharmProjects\GEDCOM_Parser_Project\gedcom_parser\databases\utils","__init__.py","File",".py","521","25-Feb-25 12:39:25","25-Jun-25 13:26:48"
"C:\Users\liqui\PycharmProjects\GEDCOM_Parser_Project\gedcom_parser\databases\utils\database_utils.py","C:\Users\liqui\PycharmProjects\GEDCOM_Parser_Project\gedcom_parser\databases\utils","database_utils.py","File",".py","6051","14-Feb-25 11:04:56","25-Jun-25 13:30:34"
"C:\Users\liqui\PycharmProjects\GEDCOM_Parser_Project\gedcom_parser\databases\validators",,"validators","Directory","",,"25-Feb-25 09:49:34","25-Jun-25 13:30:34"
"C:\Users\liqui\PycharmProjects\GEDCOM_Parser_Project\gedcom_parser\databases\validators\__init__.py","C:\Users\liqui\PycharmProjects\GEDCOM_Parser_Project\gedcom_parser\databases\validators","__init__.py","File",".py","423","25-Feb-25 12:38:30","25-Feb-25 15:05:21"
"C:\Users\liqui\PycharmProjects\GEDCOM_Parser_Project\gedcom_parser\databases\validators\json_schema_validator.py","C:\Users\liqui\PycharmProjects\GEDCOM_Parser_Project\gedcom_parser\databases\validators","json_schema_validator.py","File",".py","1808","09-Feb-25 23:17:02","25-Jun-25 13:30:34"
"C:\Users\liqui\PycharmProjects\GEDCOM_Parser_Project\gedcom_parser\databases\validators\sql_schema_validator.py","C:\Users\liqui\PycharmProjects\GEDCOM_Parser_Project\gedcom_parser\databases\validators","sql_schema_validator.py","File",".py","5889","15-Feb-25 15:12:20","25-Jun-25 13:30:34"
"C:\Users\liqui\PycharmProjects\GEDCOM_Parser_Project\gedcom_parser\databases\validators\sql_to_json_schema.py","C:\Users\liqui\PycharmProjects\GEDCOM_Parser_Project\gedcom_parser\databases\validators","sql_to_json_schema.py","File",".py","6267","13-Feb-25 15:39:04","17-Feb-25 09:35:33"
"C:\Users\liqui\PycharmProjects\GEDCOM_Parser_Project\gedcom_parser\enrichments",,"enrichments","Directory","",,"28-Jan-25 22:40:07","25-Jun-25 13:30:34"
"C:\Users\liqui\PycharmProjects\GEDCOM_Parser_Project\gedcom_parser\enrichments\__init__.py","C:\Users\liqui\PycharmProjects\GEDCOM_Parser_Project\gedcom_parser\enrichments","__init__.py","File",".py","310","28-Jan-25 22:40:07","16-Feb-25 14:39:46"
"C:\Users\liqui\PycharmProjects\GEDCOM_Parser_Project\gedcom_parser\enrichments\__pycache__",,"__pycache__","Directory","",,"29-Jan-25 13:00:48","30-Jan-25 15:07:43"
"C:\Users\liqui\PycharmProjects\GEDCOM_Parser_Project\gedcom_parser\enrichments\__pycache__\__init__.cpython-313.pyc","C:\Users\liqui\PycharmProjects\GEDCOM_Parser_Project\gedcom_parser\enrichments\__pycache__","__init__.cpython-313.pyc","File",".pyc","187","29-Jan-25 13:00:48","29-Jan-25 13:00:48"
"C:\Users\liqui\PycharmProjects\GEDCOM_Parser_Project\gedcom_parser\enrichments\enrich_individuals.py","C:\Users\liqui\PycharmProjects\GEDCOM_Parser_Project\gedcom_parser\enrichments","enrich_individuals.py","File",".py","2465","09-Feb-25 14:13:16","25-Jun-25 13:30:34"
"C:\Users\liqui\PycharmProjects\GEDCOM_Parser_Project\gedcom_parser\full_inventory.csv","C:\Users\liqui\PycharmProjects\GEDCOM_Parser_Project\gedcom_parser","full_inventory.csv","File",".csv","19479","24-Jun-25 15:35:19","24-Jun-25 15:35:19"
"C:\Users\liqui\PycharmProjects\GEDCOM_Parser_Project\gedcom_parser\geolocations",,"geolocations","Directory","",,"02-Mar-25 22:14:26","25-Jun-25 13:26:35"
"C:\Users\liqui\PycharmProjects\GEDCOM_Parser_Project\gedcom_parser\geolocations\__init__.py","C:\Users\liqui\PycharmProjects\GEDCOM_Parser_Project\gedcom_parser\geolocations","__init__.py","File",".py","0","02-Mar-25 22:14:26","02-Mar-25 22:14:26"
"C:\Users\liqui\PycharmProjects\GEDCOM_Parser_Project\gedcom_parser\geolocations\geonames_data",,"geonames_data","Directory","",,"25-Jun-25 13:26:35","25-Jun-25 13:26:56"
"C:\Users\liqui\PycharmProjects\GEDCOM_Parser_Project\gedcom_parser\geolocations\geonames_data\__init__.py","C:\Users\liqui\PycharmProjects\GEDCOM_Parser_Project\gedcom_parser\geolocations\geonames_data","__init__.py","File",".py","0","25-Jun-25 13:26:35","25-Jun-25 13:26:56"
"C:\Users\liqui\PycharmProjects\GEDCOM_Parser_Project\gedcom_parser\geolocations\geonames_data\load_geonames_data.py","C:\Users\liqui\PycharmProjects\GEDCOM_Parser_Project\gedcom_parser\geolocations\geonames_data","load_geonames_data.py","File",".py","0","25-Jun-25 13:26:35","25-Jun-25 13:26:56"
"C:\Users\liqui\PycharmProjects\GEDCOM_Parser_Project\gedcom_parser\geolocations\geonames_data\load_geonames_header.py","C:\Users\liqui\PycharmProjects\GEDCOM_Parser_Project\gedcom_parser\geolocations\geonames_data","load_geonames_header.py","File",".py","3983","25-Jun-25 13:26:35","25-Jun-25 13:26:56"
"C:\Users\liqui\PycharmProjects\GEDCOM_Parser_Project\gedcom_parser\geolocations\tiger_data",,"tiger_data","Directory","",,"02-Mar-25 22:14:55","03-Mar-25 00:41:50"
"C:\Users\liqui\PycharmProjects\GEDCOM_Parser_Project\gedcom_parser\geolocations\tiger_data\__init__.py","C:\Users\liqui\PycharmProjects\GEDCOM_Parser_Project\gedcom_parser\geolocations\tiger_data","__init__.py","File",".py","0","02-Mar-25 22:14:55","02-Mar-25 22:14:55"
"C:\Users\liqui\PycharmProjects\GEDCOM_Parser_Project\gedcom_parser\geolocations\tiger_data\load_tiger_data.py","C:\Users\liqui\PycharmProjects\GEDCOM_Parser_Project\gedcom_parser\geolocations\tiger_data","load_tiger_data.py","File",".py","5308","27-Feb-25 17:53:18","02-Mar-25 22:46:15"
"C:\Users\liqui\PycharmProjects\GEDCOM_Parser_Project\gedcom_parser\geolocations\tiger_data\parse_shapefiles.py","C:\Users\liqui\PycharmProjects\GEDCOM_Parser_Project\gedcom_parser\geolocations\tiger_data","parse_shapefiles.py","File",".py","2991","20-Feb-25 13:01:20","21-Feb-25 16:08:06"
"C:\Users\liqui\PycharmProjects\GEDCOM_Parser_Project\gedcom_parser\geolocations\tiger_data\process_tiger_data.py","C:\Users\liqui\PycharmProjects\GEDCOM_Parser_Project\gedcom_parser\geolocations\tiger_data","process_tiger_data.py","File",".py","1950","26-Feb-25 12:10:45","26-Feb-25 12:59:09"
"C:\Users\liqui\PycharmProjects\GEDCOM_Parser_Project\gedcom_parser\geolocations\tiger_data\processing_tiger.py","C:\Users\liqui\PycharmProjects\GEDCOM_Parser_Project\gedcom_parser\geolocations\tiger_data","processing_tiger.py","File",".py","4726","26-Feb-25 12:14:30","26-Feb-25 19:00:15"
"C:\Users\liqui\PycharmProjects\GEDCOM_Parser_Project\gedcom_parser\geolocations\tiger_data\shapefile_download.py","C:\Users\liqui\PycharmProjects\GEDCOM_Parser_Project\gedcom_parser\geolocations\tiger_data","shapefile_download.py","File",".py","1132","22-Feb-25 10:45:17","26-Feb-25 09:26:13"
"C:\Users\liqui\PycharmProjects\GEDCOM_Parser_Project\gedcom_parser\geolocations\tiger_data\shapefile_fields.py","C:\Users\liqui\PycharmProjects\GEDCOM_Parser_Project\gedcom_parser\geolocations\tiger_data","shapefile_fields.py","File",".py","3772","19-Feb-25 14:50:37","27-Feb-25 17:12:49"
"C:\Users\liqui\PycharmProjects\GEDCOM_Parser_Project\gedcom_parser\geolocations\tiger_data\shapefile_org.py","C:\Users\liqui\PycharmProjects\GEDCOM_Parser_Project\gedcom_parser\geolocations\tiger_data","shapefile_org.py","File",".py","2419","24-Feb-25 10:17:54","24-Feb-25 10:19:06"
"C:\Users\liqui\PycharmProjects\GEDCOM_Parser_Project\gedcom_parser\geolocations\tiger_data\shapefile_unzip.py","C:\Users\liqui\PycharmProjects\GEDCOM_Parser_Project\gedcom_parser\geolocations\tiger_data","shapefile_unzip.py","File",".py","3211","24-Feb-25 09:09:29","26-Feb-25 11:37:38"
"C:\Users\liqui\PycharmProjects\GEDCOM_Parser_Project\gedcom_parser\geolocations\tiger_data\tiger_unzip.log","C:\Users\liqui\PycharmProjects\GEDCOM_Parser_Project\gedcom_parser\geolocations\tiger_data","tiger_unzip.log","File",".log","5551537","26-Feb-25 11:16:11","26-Feb-25 12:01:38"
"C:\Users\liqui\PycharmProjects\GEDCOM_Parser_Project\gedcom_parser\logs",,"logs","Directory","",,"16-Jan-25 14:04:52","31-Jan-25 18:31:51"
"C:\Users\liqui\PycharmProjects\GEDCOM_Parser_Project\gedcom_parser\logs\gedcom_parser.log","C:\Users\liqui\PycharmProjects\GEDCOM_Parser_Project\gedcom_parser\logs","gedcom_parser.log","File",".log","37552555","27-Jan-25 13:18:32","29-Jan-25 07:25:25"
"C:\Users\liqui\PycharmProjects\GEDCOM_Parser_Project\gedcom_parser\mock_files",,"mock_files","Directory","",,"16-Jan-25 14:04:39","20-Feb-25 11:37:21"
"C:\Users\liqui\PycharmProjects\GEDCOM_Parser_Project\gedcom_parser\mock_files\0 HEAD.ged","C:\Users\liqui\PycharmProjects\GEDCOM_Parser_Project\gedcom_parser\mock_files","0 HEAD.ged","File",".ged","3629","16-Jan-25 13:16:06","01-Jan-25 06:57:29"
"C:\Users\liqui\PycharmProjects\GEDCOM_Parser_Project\gedcom_parser\mock_files\gedcom.ged","C:\Users\liqui\PycharmProjects\GEDCOM_Parser_Project\gedcom_parser\mock_files","gedcom.ged","File",".ged","86062","16-Jan-25 13:16:06","22-Jan-25 09:34:18"
"C:\Users\liqui\PycharmProjects\GEDCOM_Parser_Project\gedcom_parser\mock_files\gedcom_0.ged","C:\Users\liqui\PycharmProjects\GEDCOM_Parser_Project\gedcom_parser\mock_files","gedcom_0.ged","File",".ged","1016","16-Jan-25 13:16:06","29-Dec-24 15:45:59"
"C:\Users\liqui\PycharmProjects\GEDCOM_Parser_Project\gedcom_parser\mock_files\gedcom_1.ged","C:\Users\liqui\PycharmProjects\GEDCOM_Parser_Project\gedcom_parser\mock_files","gedcom_1.ged","File",".ged","7966814","16-Jan-25 13:16:06","29-Dec-24 15:45:59"
"C:\Users\liqui\PycharmProjects\GEDCOM_Parser_Project\gedcom_parser\mock_files\gedcom_18.ged","C:\Users\liqui\PycharmProjects\GEDCOM_Parser_Project\gedcom_parser\mock_files","gedcom_18.ged","File",".ged","65734","16-Jan-25 13:16:06","29-Dec-24 15:46:07"
"C:\Users\liqui\PycharmProjects\GEDCOM_Parser_Project\gedcom_parser\mock_files\gedcom_18_anc.ged","C:\Users\liqui\PycharmProjects\GEDCOM_Parser_Project\gedcom_parser\mock_files","gedcom_18_anc.ged","File",".ged","56435","07-Feb-25 21:18:25","08-Feb-25 17:00:16"
"C:\Users\liqui\PycharmProjects\GEDCOM_Parser_Project\gedcom_parser\mock_files\gedcom_19.ged","C:\Users\liqui\PycharmProjects\GEDCOM_Parser_Project\gedcom_parser\mock_files","gedcom_19.ged","File",".ged","4333","16-Jan-25 13:16:06","26-Jan-25 23:55:07"
"C:\Users\liqui\PycharmProjects\GEDCOM_Parser_Project\gedcom_parser\mock_files\gedcom_2.ged","C:\Users\liqui\PycharmProjects\GEDCOM_Parser_Project\gedcom_parser\mock_files","gedcom_2.ged","File",".ged","4430589","16-Jan-25 13:16:06","29-Dec-24 15:46:07"
"C:\Users\liqui\PycharmProjects\GEDCOM_Parser_Project\gedcom_parser\mock_files\gedcom_20.ged","C:\Users\liqui\PycharmProjects\GEDCOM_Parser_Project\gedcom_parser\mock_files","gedcom_20.ged","File",".ged","22948","16-Jan-25 13:16:06","29-Dec-24 15:46:07"
"C:\Users\liqui\PycharmProjects\GEDCOM_Parser_Project\gedcom_parser\mock_files\gedcom_3.ged","C:\Users\liqui\PycharmProjects\GEDCOM_Parser_Project\gedcom_parser\mock_files","gedcom_3.ged","File",".ged","3140397","16-Jan-25 13:16:06","29-Dec-24 16:55:20"
"C:\Users\liqui\PycharmProjects\GEDCOM_Parser_Project\gedcom_parser\mock_files\gedcom_4.ged","C:\Users\liqui\PycharmProjects\GEDCOM_Parser_Project\gedcom_parser\mock_files","gedcom_4.ged","File",".ged","4219614","16-Jan-25 13:16:06","29-Dec-24 15:46:07"
"C:\Users\liqui\PycharmProjects\GEDCOM_Parser_Project\gedcom_parser\mock_files\gedcom_5.ged","C:\Users\liqui\PycharmProjects\GEDCOM_Parser_Project\gedcom_parser\mock_files","gedcom_5.ged","File",".ged","3346186","16-Jan-25 13:16:06","29-Dec-24 15:46:07"
"C:\Users\liqui\PycharmProjects\GEDCOM_Parser_Project\gedcom_parser\mock_files\gedcom_6.ged","C:\Users\liqui\PycharmProjects\GEDCOM_Parser_Project\gedcom_parser\mock_files","gedcom_6.ged","File",".ged","1836395","16-Jan-25 13:16:06","29-Dec-24 15:46:07"
"C:\Users\liqui\PycharmProjects\GEDCOM_Parser_Project\gedcom_parser\mock_files\gedcom_9.ged","C:\Users\liqui\PycharmProjects\GEDCOM_Parser_Project\gedcom_parser\mock_files","gedcom_9.ged","File",".ged","159781","16-Jan-25 13:16:06","29-Dec-24 15:46:07"
"C:\Users\liqui\PycharmProjects\GEDCOM_Parser_Project\gedcom_parser\mock_files\head.ged","C:\Users\liqui\PycharmProjects\GEDCOM_Parser_Project\gedcom_parser\mock_files","head.ged","File",".ged","1777","24-Jan-25 16:13:04","24-Jan-25 16:13:04"
"C:\Users\liqui\PycharmProjects\GEDCOM_Parser_Project\gedcom_parser\mock_files\head_ftm.ged","C:\Users\liqui\PycharmProjects\GEDCOM_Parser_Project\gedcom_parser\mock_files","head_ftm.ged","File",".ged","3","24-Jan-25 16:15:04","24-Jan-25 18:55:32"
"C:\Users\liqui\PycharmProjects\GEDCOM_Parser_Project\gedcom_parser\mock_files\mock.ged","C:\Users\liqui\PycharmProjects\GEDCOM_Parser_Project\gedcom_parser\mock_files","mock.ged","File",".ged","2284","16-Jan-25 13:16:07","29-Dec-24 15:46:07"
"C:\Users\liqui\PycharmProjects\GEDCOM_Parser_Project\gedcom_parser\mock_files\mock_names.ged","C:\Users\liqui\PycharmProjects\GEDCOM_Parser_Project\gedcom_parser\mock_files","mock_names.ged","File",".ged","2662","24-Jan-25 16:04:47","25-Jan-25 14:22:02"
"C:\Users\liqui\PycharmProjects\GEDCOM_Parser_Project\gedcom_parser\mock_files\utf16.ged","C:\Users\liqui\PycharmProjects\GEDCOM_Parser_Project\gedcom_parser\mock_files","utf16.ged","File",".ged","1983","26-Jan-25 08:38:17","26-Jan-25 08:38:17"
"C:\Users\liqui\PycharmProjects\GEDCOM_Parser_Project\gedcom_parser\mock_files\utf8.ged","C:\Users\liqui\PycharmProjects\GEDCOM_Parser_Project\gedcom_parser\mock_files","utf8.ged","File",".ged","1978","26-Jan-25 08:37:40","26-Jan-25 08:37:40"
"C:\Users\liqui\PycharmProjects\GEDCOM_Parser_Project\gedcom_parser\normalization",,"normalization","Directory","",,"10-Feb-25 13:21:43","25-Jun-25 13:30:34"
"C:\Users\liqui\PycharmProjects\GEDCOM_Parser_Project\gedcom_parser\normalization\__init__.py","C:\Users\liqui\PycharmProjects\GEDCOM_Parser_Project\gedcom_parser\normalization","__init__.py","File",".py","76","10-Feb-25 13:21:43","14-Feb-25 16:20:41"
"C:\Users\liqui\PycharmProjects\GEDCOM_Parser_Project\gedcom_parser\normalization\datasets",,"datasets","Directory","",,"10-Feb-25 13:24:04","11-Feb-25 21:00:37"
"C:\Users\liqui\PycharmProjects\GEDCOM_Parser_Project\gedcom_parser\normalization\datasets\date_normalization.json","C:\Users\liqui\PycharmProjects\GEDCOM_Parser_Project\gedcom_parser\normalization\datasets","date_normalization.json","File",".json","2567","07-Feb-25 15:05:54","09-Feb-25 16:47:56"
"C:\Users\liqui\PycharmProjects\GEDCOM_Parser_Project\gedcom_parser\normalization\datasets\early_massachusetts.json","C:\Users\liqui\PycharmProjects\GEDCOM_Parser_Project\gedcom_parser\normalization\datasets","early_massachusetts.json","File",".json","19499","11-Feb-25 08:45:51","11-Feb-25 08:51:16"
"C:\Users\liqui\PycharmProjects\GEDCOM_Parser_Project\gedcom_parser\normalization\datasets\gaelic_name_conversion.json","C:\Users\liqui\PycharmProjects\GEDCOM_Parser_Project\gedcom_parser\normalization\datasets","gaelic_name_conversion.json","File",".json","2219","09-Feb-25 16:57:36","09-Feb-25 16:57:52"
"C:\Users\liqui\PycharmProjects\GEDCOM_Parser_Project\gedcom_parser\normalization\datasets\mayflower.json","C:\Users\liqui\PycharmProjects\GEDCOM_Parser_Project\gedcom_parser\normalization\datasets","mayflower.json","File",".json","53275","10-Feb-25 14:16:50","10-Feb-25 14:18:59"
"C:\Users\liqui\PycharmProjects\GEDCOM_Parser_Project\gedcom_parser\normalization\datasets\military_aus.json","C:\Users\liqui\PycharmProjects\GEDCOM_Parser_Project\gedcom_parser\normalization\datasets","military_aus.json","File",".json","7141","07-Feb-25 07:37:15","07-Feb-25 07:38:18"
"C:\Users\liqui\PycharmProjects\GEDCOM_Parser_Project\gedcom_parser\normalization\datasets\military_can.json","C:\Users\liqui\PycharmProjects\GEDCOM_Parser_Project\gedcom_parser\normalization\datasets","military_can.json","File",".json","7135","07-Feb-25 07:38:25","07-Feb-25 07:38:57"
"C:\Users\liqui\PycharmProjects\GEDCOM_Parser_Project\gedcom_parser\normalization\datasets\military_germ.json","C:\Users\liqui\PycharmProjects\GEDCOM_Parser_Project\gedcom_parser\normalization\datasets","military_germ.json","File",".json","7936","07-Feb-25 07:39:03","07-Feb-25 07:42:03"
"C:\Users\liqui\PycharmProjects\GEDCOM_Parser_Project\gedcom_parser\normalization\datasets\military_rank_standardization.json","C:\Users\liqui\PycharmProjects\GEDCOM_Parser_Project\gedcom_parser\normalization\datasets","military_rank_standardization.json","File",".json","80377","06-Feb-25 16:33:34","11-Feb-25 19:20:44"
"C:\Users\liqui\PycharmProjects\GEDCOM_Parser_Project\gedcom_parser\normalization\datasets\military_uk.json","C:\Users\liqui\PycharmProjects\GEDCOM_Parser_Project\gedcom_parser\normalization\datasets","military_uk.json","File",".json","9756","07-Feb-25 07:28:14","07-Feb-25 07:37:33"
"C:\Users\liqui\PycharmProjects\GEDCOM_Parser_Project\gedcom_parser\normalization\datasets\military_us_normalization.json","C:\Users\liqui\PycharmProjects\GEDCOM_Parser_Project\gedcom_parser\normalization\datasets","military_us_normalization.json","File",".json","34558","07-Feb-25 07:42:10","07-Feb-25 13:59:42"
"C:\Users\liqui\PycharmProjects\GEDCOM_Parser_Project\gedcom_parser\normalization\datasets\name_normalization.json","C:\Users\liqui\PycharmProjects\GEDCOM_Parser_Project\gedcom_parser\normalization\datasets","name_normalization.json","File",".json","2927","30-Jan-25 17:28:09","10-Feb-25 10:27:43"
"C:\Users\liqui\PycharmProjects\GEDCOM_Parser_Project\gedcom_parser\normalization\datasets\name_prefixes.json","C:\Users\liqui\PycharmProjects\GEDCOM_Parser_Project\gedcom_parser\normalization\datasets","name_prefixes.json","File",".json","7180","06-Feb-25 16:28:06","09-Feb-25 20:28:48"
"C:\Users\liqui\PycharmProjects\GEDCOM_Parser_Project\gedcom_parser\normalization\datasets\name_variants.json","C:\Users\liqui\PycharmProjects\GEDCOM_Parser_Project\gedcom_parser\normalization\datasets","name_variants.json","File",".json","2630","09-Feb-25 16:01:17","09-Feb-25 17:08:46"
"C:\Users\liqui\PycharmProjects\GEDCOM_Parser_Project\gedcom_parser\normalization\datasets\new_england.json","C:\Users\liqui\PycharmProjects\GEDCOM_Parser_Project\gedcom_parser\normalization\datasets","new_england.json","File",".json","8166","07-Feb-25 15:57:19","09-Feb-25 19:36:33"
"C:\Users\liqui\PycharmProjects\GEDCOM_Parser_Project\gedcom_parser\normalization\datasets\nicknames.json","C:\Users\liqui\PycharmProjects\GEDCOM_Parser_Project\gedcom_parser\normalization\datasets","nicknames.json","File",".json","1209","09-Feb-25 17:20:13","09-Feb-25 19:09:36"
"C:\Users\liqui\PycharmProjects\GEDCOM_Parser_Project\gedcom_parser\normalization\datasets\npfx_standardization.json","C:\Users\liqui\PycharmProjects\GEDCOM_Parser_Project\gedcom_parser\normalization\datasets","npfx_standardization.json","File",".json","2173","07-Feb-25 14:22:07","11-Feb-25 21:00:37"
"C:\Users\liqui\PycharmProjects\GEDCOM_Parser_Project\gedcom_parser\normalization\datasets\nsfx_list.json","C:\Users\liqui\PycharmProjects\GEDCOM_Parser_Project\gedcom_parser\normalization\datasets","nsfx_list.json","File",".json","5522","06-Feb-25 16:29:41","11-Feb-25 15:12:13"
"C:\Users\liqui\PycharmProjects\GEDCOM_Parser_Project\gedcom_parser\normalization\datasets\nsfx_standardization.json","C:\Users\liqui\PycharmProjects\GEDCOM_Parser_Project\gedcom_parser\normalization\datasets","nsfx_standardization.json","File",".json","2427","07-Feb-25 14:29:01","11-Feb-25 18:10:58"
"C:\Users\liqui\PycharmProjects\GEDCOM_Parser_Project\gedcom_parser\normalization\datasets\occupations.json","C:\Users\liqui\PycharmProjects\GEDCOM_Parser_Project\gedcom_parser\normalization\datasets","occupations.json","File",".json","3889","09-Feb-25 17:01:55","09-Feb-25 17:05:38"
"C:\Users\liqui\PycharmProjects\GEDCOM_Parser_Project\gedcom_parser\normalization\datasets\prefix_draft.json","C:\Users\liqui\PycharmProjects\GEDCOM_Parser_Project\gedcom_parser\normalization\datasets","prefix_draft.json","File",".json","7789","10-Feb-25 13:04:31","10-Feb-25 13:04:39"
"C:\Users\liqui\PycharmProjects\GEDCOM_Parser_Project\gedcom_parser\normalization\datasets\religious.json","C:\Users\liqui\PycharmProjects\GEDCOM_Parser_Project\gedcom_parser\normalization\datasets","religious.json","File",".json","7127","06-Feb-25 16:28:45","06-Feb-25 16:28:46"
"C:\Users\liqui\PycharmProjects\GEDCOM_Parser_Project\gedcom_parser\normalization\datasets\royal.json","C:\Users\liqui\PycharmProjects\GEDCOM_Parser_Project\gedcom_parser\normalization\datasets","royal.json","File",".json","6289","06-Feb-25 16:29:06","06-Feb-25 16:29:06"
"C:\Users\liqui\PycharmProjects\GEDCOM_Parser_Project\gedcom_parser\normalization\datasets\salem_witch_trials.json","C:\Users\liqui\PycharmProjects\GEDCOM_Parser_Project\gedcom_parser\normalization\datasets","salem_witch_trials.json","File",".json","96418","10-Feb-25 13:33:11","10-Feb-25 14:43:35"
"C:\Users\liqui\PycharmProjects\GEDCOM_Parser_Project\gedcom_parser\normalization\datasets\spfx_list.json","C:\Users\liqui\PycharmProjects\GEDCOM_Parser_Project\gedcom_parser\normalization\datasets","spfx_list.json","File",".json","6559","07-Feb-25 14:36:13","11-Feb-25 19:04:48"
"C:\Users\liqui\PycharmProjects\GEDCOM_Parser_Project\gedcom_parser\normalization\datasets\spfx_standardization.json","C:\Users\liqui\PycharmProjects\GEDCOM_Parser_Project\gedcom_parser\normalization\datasets","spfx_standardization.json","File",".json","2942","07-Feb-25 14:36:16","11-Feb-25 19:09:30"
"C:\Users\liqui\PycharmProjects\GEDCOM_Parser_Project\gedcom_parser\normalization\datasets\surname_normalization.json","C:\Users\liqui\PycharmProjects\GEDCOM_Parser_Project\gedcom_parser\normalization\datasets","surname_normalization.json","File",".json","2073","09-Feb-25 17:09:44","09-Feb-25 17:10:41"
"C:\Users\liqui\PycharmProjects\GEDCOM_Parser_Project\gedcom_parser\normalization\datasets\titles_normalization.json","C:\Users\liqui\PycharmProjects\GEDCOM_Parser_Project\gedcom_parser\normalization\datasets","titles_normalization.json","File",".json","1329","06-Feb-25 16:27:06","11-Feb-25 19:04:00"
"C:\Users\liqui\PycharmProjects\GEDCOM_Parser_Project\gedcom_parser\normalization\datasets\us_states.json","C:\Users\liqui\PycharmProjects\GEDCOM_Parser_Project\gedcom_parser\normalization\datasets","us_states.json","File",".json","18431","10-Feb-25 13:33:11","10-Feb-25 13:37:20"
"C:\Users\liqui\PycharmProjects\GEDCOM_Parser_Project\gedcom_parser\normalization\name_normalization.py","C:\Users\liqui\PycharmProjects\GEDCOM_Parser_Project\gedcom_parser\normalization","name_normalization.py","File",".py","2847","09-Feb-25 14:35:56","25-Jun-25 13:30:34"
"C:\Users\liqui\PycharmProjects\GEDCOM_Parser_Project\gedcom_parser\normalization\normalize_individuals.py","C:\Users\liqui\PycharmProjects\GEDCOM_Parser_Project\gedcom_parser\normalization","normalize_individuals.py","File",".py","9286","14-Feb-25 16:19:46","25-Jun-25 13:30:34"
"C:\Users\liqui\PycharmProjects\GEDCOM_Parser_Project\gedcom_parser\orchestrator.py","C:\Users\liqui\PycharmProjects\GEDCOM_Parser_Project\gedcom_parser","orchestrator.py","File",".py","826","14-Feb-25 12:31:14","25-Jun-25 13:30:34"
"C:\Users\liqui\PycharmProjects\GEDCOM_Parser_Project\gedcom_parser\parsers",,"parsers","Directory","",,"16-Jan-25 13:53:49","25-Jun-25 13:30:34"
"C:\Users\liqui\PycharmProjects\GEDCOM_Parser_Project\gedcom_parser\parsers\__init__.py","C:\Users\liqui\PycharmProjects\GEDCOM_Parser_Project\gedcom_parser\parsers","__init__.py","File",".py","531","16-Jan-25 13:53:49","25-Jun-25 13:30:34"
"C:\Users\liqui\PycharmProjects\GEDCOM_Parser_Project\gedcom_parser\parsers\__pycache__",,"__pycache__","Directory","",,"17-Jan-25 16:00:10","27-Jan-25 13:06:20"
"C:\Users\liqui\PycharmProjects\GEDCOM_Parser_Project\gedcom_parser\parsers\__pycache__\__init__.cpython-313.pyc","C:\Users\liqui\PycharmProjects\GEDCOM_Parser_Project\gedcom_parser\parsers\__pycache__","__init__.cpython-313.pyc","File",".pyc","1108","27-Jan-25 13:06:20","27-Jan-25 13:06:20"
"C:\Users\liqui\PycharmProjects\GEDCOM_Parser_Project\gedcom_parser\parsers\__pycache__\validation.cpython-313.pyc","C:\Users\liqui\PycharmProjects\GEDCOM_Parser_Project\gedcom_parser\parsers\__pycache__","validation.cpython-313.pyc","File",".pyc","6437","25-Jan-25 17:43:42","25-Jan-25 17:43:42"
"C:\Users\liqui\PycharmProjects\GEDCOM_Parser_Project\gedcom_parser\parsers\gedcom_to_json.py","C:\Users\liqui\PycharmProjects\GEDCOM_Parser_Project\gedcom_parser\parsers","gedcom_to_json.py","File",".py","3281","16-Feb-25 12:46:02","25-Jun-25 13:30:34"
"C:\Users\liqui\PycharmProjects\GEDCOM_Parser_Project\gedcom_parser\parsers\individual_parsers",,"individual_parsers","Directory","",,"16-Jan-25 16:09:15","25-Jun-25 13:30:34"
"C:\Users\liqui\PycharmProjects\GEDCOM_Parser_Project\gedcom_parser\parsers\individual_parsers\__init__.py","C:\Users\liqui\PycharmProjects\GEDCOM_Parser_Project\gedcom_parser\parsers\individual_parsers","__init__.py","File",".py","585","16-Jan-25 16:09:15","16-Feb-25 14:44:14"
"C:\Users\liqui\PycharmProjects\GEDCOM_Parser_Project\gedcom_parser\parsers\individual_parsers\__pycache__",,"__pycache__","Directory","",,"17-Jan-25 16:00:10","30-Jan-25 15:07:30"
"C:\Users\liqui\PycharmProjects\GEDCOM_Parser_Project\gedcom_parser\parsers\individual_parsers\__pycache__\__init__.cpython-313.pyc","C:\Users\liqui\PycharmProjects\GEDCOM_Parser_Project\gedcom_parser\parsers\individual_parsers\__pycache__","__init__.cpython-313.pyc","File",".pyc","801","29-Jan-25 13:00:48","29-Jan-25 13:00:48"
"C:\Users\liqui\PycharmProjects\GEDCOM_Parser_Project\gedcom_parser\parsers\individual_parsers\parse_individuals.py","C:\Users\liqui\PycharmProjects\GEDCOM_Parser_Project\gedcom_parser\parsers\individual_parsers","parse_individuals.py","File",".py","9905","10-Feb-25 13:27:42","25-Jun-25 13:30:34"
"C:\Users\liqui\PycharmProjects\GEDCOM_Parser_Project\gedcom_parser\parsers\json_to_sql.py","C:\Users\liqui\PycharmProjects\GEDCOM_Parser_Project\gedcom_parser\parsers","json_to_sql.py","File",".py","3635","14-Feb-25 16:05:50","25-Jun-25 13:30:34"
"C:\Users\liqui\PycharmProjects\GEDCOM_Parser_Project\gedcom_parser\parsers\json_to_sql_schema.py","C:\Users\liqui\PycharmProjects\GEDCOM_Parser_Project\gedcom_parser\parsers","json_to_sql_schema.py","File",".py","4161","09-Feb-25 23:21:08","17-Feb-25 09:35:33"
"C:\Users\liqui\PycharmProjects\GEDCOM_Parser_Project\gedcom_parser\parsers\parser.py","C:\Users\liqui\PycharmProjects\GEDCOM_Parser_Project\gedcom_parser\parsers","parser.py","File",".py","3517","10-Feb-25 13:27:42","25-Jun-25 13:30:34"
"C:\Users\liqui\PycharmProjects\GEDCOM_Parser_Project\gedcom_parser\parsers\parsers.zip","C:\Users\liqui\PycharmProjects\GEDCOM_Parser_Project\gedcom_parser\parsers","parsers.zip","File",".zip","12338","25-Feb-25 11:05:19","25-Feb-25 11:05:19"
"C:\Users\liqui\PycharmProjects\GEDCOM_Parser_Project\gedcom_parser\parsers\sql_to_json.py","C:\Users\liqui\PycharmProjects\GEDCOM_Parser_Project\gedcom_parser\parsers","sql_to_json.py","File",".py","3157","14-Feb-25 17:10:58","16-Feb-25 17:27:30"
"C:\Users\liqui\PycharmProjects\GEDCOM_Parser_Project\gedcom_parser\README.md","C:\Users\liqui\PycharmProjects\GEDCOM_Parser_Project\gedcom_parser","README.md","File",".md","2049","25-Jun-25 13:26:35","25-Jun-25 13:26:35"
"C:\Users\liqui\PycharmProjects\GEDCOM_Parser_Project\gedcom_parser\reports",,"reports","Directory","",,"16-Jan-25 14:05:15","24-Jun-25 16:09:51"
"C:\Users\liqui\PycharmProjects\GEDCOM_Parser_Project\gedcom_parser\reports\.descriptions.xml","C:\Users\liqui\PycharmProjects\GEDCOM_Parser_Project\gedcom_parser\reports",".descriptions.xml","File",".xml","469033","24-Jun-25 16:09:05","24-Jun-25 16:09:05"
"C:\Users\liqui\PycharmProjects\GEDCOM_Parser_Project\gedcom_parser\reports\AiaStyle.xml","C:\Users\liqui\PycharmProjects\GEDCOM_Parser_Project\gedcom_parser\reports","AiaStyle.xml","File",".xml","11255","24-Jun-25 16:09:05","24-Jun-25 16:09:05"
"C:\Users\liqui\PycharmProjects\GEDCOM_Parser_Project\gedcom_parser\reports\Annotator.xml","C:\Users\liqui\PycharmProjects\GEDCOM_Parser_Project\gedcom_parser\reports","Annotator.xml","File",".xml","3501","24-Jun-25 16:09:05","24-Jun-25 16:09:05"
"C:\Users\liqui\PycharmProjects\GEDCOM_Parser_Project\gedcom_parser\reports\GEDCOM PyCharm Project Problems.zip","C:\Users\liqui\PycharmProjects\GEDCOM_Parser_Project\gedcom_parser\reports","GEDCOM PyCharm Project Problems.zip","File",".zip","119904","24-Jun-25 16:09:32","24-Jun-25 16:09:32"
"C:\Users\liqui\PycharmProjects\GEDCOM_Parser_Project\gedcom_parser\reports\GrazieInspection.xml","C:\Users\liqui\PycharmProjects\GEDCOM_Parser_Project\gedcom_parser\reports","GrazieInspection.xml","File",".xml","34871","24-Jun-25 16:09:05","24-Jun-25 16:09:05"
"C:\Users\liqui\PycharmProjects\GEDCOM_Parser_Project\gedcom_parser\reports\InconsistentLineSeparators.xml","C:\Users\liqui\PycharmProjects\GEDCOM_Parser_Project\gedcom_parser\reports","InconsistentLineSeparators.xml","File",".xml","2231","24-Jun-25 16:09:05","24-Jun-25 16:09:05"
"C:\Users\liqui\PycharmProjects\GEDCOM_Parser_Project\gedcom_parser\reports\JsonDuplicatePropertyKeys.xml","C:\Users\liqui\PycharmProjects\GEDCOM_Parser_Project\gedcom_parser\reports","JsonDuplicatePropertyKeys.xml","File",".xml","1288","24-Jun-25 16:09:05","24-Jun-25 16:09:05"
"C:\Users\liqui\PycharmProjects\GEDCOM_Parser_Project\gedcom_parser\reports\JsonStandardCompliance.xml","C:\Users\liqui\PycharmProjects\GEDCOM_Parser_Project\gedcom_parser\reports","JsonStandardCompliance.xml","File",".xml","6331","24-Jun-25 16:09:05","24-Jun-25 16:09:05"
"C:\Users\liqui\PycharmProjects\GEDCOM_Parser_Project\gedcom_parser\reports\MarkdownIncorrectTableFormatting.xml","C:\Users\liqui\PycharmProjects\GEDCOM_Parser_Project\gedcom_parser\reports","MarkdownIncorrectTableFormatting.xml","File",".xml","3371","24-Jun-25 16:09:05","24-Jun-25 16:09:05"
"C:\Users\liqui\PycharmProjects\GEDCOM_Parser_Project\gedcom_parser\reports\PyArgumentListInspection.xml","C:\Users\liqui\PycharmProjects\GEDCOM_Parser_Project\gedcom_parser\reports","PyArgumentListInspection.xml","File",".xml","580","24-Jun-25 16:09:05","24-Jun-25 16:09:05"
"C:\Users\liqui\PycharmProjects\GEDCOM_Parser_Project\gedcom_parser\reports\PyPackageRequirementsInspection.xml","C:\Users\liqui\PycharmProjects\GEDCOM_Parser_Project\gedcom_parser\reports","PyPackageRequirementsInspection.xml","File",".xml","1349","24-Jun-25 16:09:05","24-Jun-25 16:09:05"
"C:\Users\liqui\PycharmProjects\GEDCOM_Parser_Project\gedcom_parser\reports\PyProtectedMemberInspection.xml","C:\Users\liqui\PycharmProjects\GEDCOM_Parser_Project\gedcom_parser\reports","PyProtectedMemberInspection.xml","File",".xml","2570","24-Jun-25 16:09:05","24-Jun-25 16:09:05"
"C:\Users\liqui\PycharmProjects\GEDCOM_Parser_Project\gedcom_parser\reports\PyShadowingNamesInspection.xml","C:\Users\liqui\PycharmProjects\GEDCOM_Parser_Project\gedcom_parser\reports","PyShadowingNamesInspection.xml","File",".xml","7130","24-Jun-25 16:09:05","24-Jun-25 16:09:05"
"C:\Users\liqui\PycharmProjects\GEDCOM_Parser_Project\gedcom_parser\reports\PyUnresolvedReferencesInspection.xml","C:\Users\liqui\PycharmProjects\GEDCOM_Parser_Project\gedcom_parser\reports","PyUnresolvedReferencesInspection.xml","File",".xml","54293","24-Jun-25 16:09:05","24-Jun-25 16:09:05"
"C:\Users\liqui\PycharmProjects\GEDCOM_Parser_Project\gedcom_parser\reports\PyUnusedLocalInspection.xml","C:\Users\liqui\PycharmProjects\GEDCOM_Parser_Project\gedcom_parser\reports","PyUnusedLocalInspection.xml","File",".xml","1820","24-Jun-25 16:09:05","24-Jun-25 16:09:05"
"C:\Users\liqui\PycharmProjects\GEDCOM_Parser_Project\gedcom_parser\reports\SpellCheckingInspection.xml","C:\Users\liqui\PycharmProjects\GEDCOM_Parser_Project\gedcom_parser\reports","SpellCheckingInspection.xml","File",".xml","1022258","24-Jun-25 16:09:05","24-Jun-25 16:09:05"
"C:\Users\liqui\PycharmProjects\GEDCOM_Parser_Project\gedcom_parser\reports\SqlResolveInspection.xml","C:\Users\liqui\PycharmProjects\GEDCOM_Parser_Project\gedcom_parser\reports","SqlResolveInspection.xml","File",".xml","610","24-Jun-25 16:09:05","24-Jun-25 16:09:05"
"C:\Users\liqui\PycharmProjects\GEDCOM_Parser_Project\gedcom_parser\reports\UnsatisfiedRequirementInspection.xml","C:\Users\liqui\PycharmProjects\GEDCOM_Parser_Project\gedcom_parser\reports","UnsatisfiedRequirementInspection.xml","File",".xml","583","24-Jun-25 16:09:05","24-Jun-25 16:09:05"
"C:\Users\liqui\PycharmProjects\GEDCOM_Parser_Project\gedcom_parser\requirements.txt","C:\Users\liqui\PycharmProjects\GEDCOM_Parser_Project\gedcom_parser","requirements.txt","File",".txt","509","28-Jan-25 23:18:50","05-Mar-25 08:09:35"
"C:\Users\liqui\PycharmProjects\GEDCOM_Parser_Project\gedcom_parser\setup.py","C:\Users\liqui\PycharmProjects\GEDCOM_Parser_Project\gedcom_parser","setup.py","File",".py","312","26-Jan-25 08:23:40","26-Jan-25 08:23:40"
"C:\Users\liqui\PycharmProjects\GEDCOM_Parser_Project\gedcom_parser\Technical Review of GEDCOM Parser & Processor Project.pdf","C:\Users\liqui\PycharmProjects\GEDCOM_Parser_Project\gedcom_parser","Technical Review of GEDCOM Parser & Processor Project.pdf","File",".pdf","205079","24-Jun-25 16:17:10","24-Jun-25 16:17:10"
"C:\Users\liqui\PycharmProjects\GEDCOM_Parser_Project\gedcom_parser\tests",,"tests","Directory","",,"16-Jan-25 13:12:39","02-Mar-25 22:15:39"
"C:\Users\liqui\PycharmProjects\GEDCOM_Parser_Project\gedcom_parser\tests\__init__.py","C:\Users\liqui\PycharmProjects\GEDCOM_Parser_Project\gedcom_parser\tests","__init__.py","File",".py","0","16-Jan-25 13:12:39","16-Jan-25 13:12:39"
"C:\Users\liqui\PycharmProjects\GEDCOM_Parser_Project\gedcom_parser\tests\__pycache__",,"__pycache__","Directory","",,"31-Jan-25 17:33:45","31-Jan-25 17:33:45"
"C:\Users\liqui\PycharmProjects\GEDCOM_Parser_Project\gedcom_parser\tests\__pycache__\__init__.cpython-313.pyc","C:\Users\liqui\PycharmProjects\GEDCOM_Parser_Project\gedcom_parser\tests\__pycache__","__init__.cpython-313.pyc","File",".pyc","181","31-Jan-25 17:33:45","31-Jan-25 17:33:45"
"C:\Users\liqui\PycharmProjects\GEDCOM_Parser_Project\gedcom_parser\tests\__pycache__\test_json_path.cpython-313-pytest-8.3.4.pyc","C:\Users\liqui\PycharmProjects\GEDCOM_Parser_Project\gedcom_parser\tests\__pycache__","test_json_path.cpython-313-pytest-8.3.4.pyc","File",".pyc","893","31-Jan-25 17:33:45","31-Jan-25 17:33:45"
"C:\Users\liqui\PycharmProjects\GEDCOM_Parser_Project\gedcom_parser\tests\place_geo_parse.py","C:\Users\liqui\PycharmProjects\GEDCOM_Parser_Project\gedcom_parser\tests","place_geo_parse.py","File",".py","3562","19-Feb-25 15:26:41","19-Feb-25 17:35:33"
"C:\Users\liqui\PycharmProjects\GEDCOM_Parser_Project\gedcom_parser\tests\waiting.py","C:\Users\liqui\PycharmProjects\GEDCOM_Parser_Project\gedcom_parser\tests","waiting.py","File",".py","2577","25-Jan-25 12:15:56","25-Jan-25 12:16:02"
"C:\Users\liqui\PycharmProjects\GEDCOM_Parser_Project\gedcom_parser\utils",,"utils","Directory","",,"16-Jan-25 16:36:32","25-Jun-25 13:30:34"
"C:\Users\liqui\PycharmProjects\GEDCOM_Parser_Project\gedcom_parser\utils\__init__.py","C:\Users\liqui\PycharmProjects\GEDCOM_Parser_Project\gedcom_parser\utils","__init__.py","File",".py","850","16-Jan-25 16:36:32","25-Jun-25 13:30:34"
"C:\Users\liqui\PycharmProjects\GEDCOM_Parser_Project\gedcom_parser\utils\__pycache__",,"__pycache__","Directory","",,"16-Jan-25 17:02:34","23-Feb-25 13:12:10"
"C:\Users\liqui\PycharmProjects\GEDCOM_Parser_Project\gedcom_parser\utils\__pycache__\__init__.cpython-313.pyc","C:\Users\liqui\PycharmProjects\GEDCOM_Parser_Project\gedcom_parser\utils\__pycache__","__init__.cpython-313.pyc","File",".pyc","684","16-Feb-25 17:55:26","16-Feb-25 17:55:26"
"C:\Users\liqui\PycharmProjects\GEDCOM_Parser_Project\gedcom_parser\utils\__pycache__\database_utils.cpython-313.pyc","C:\Users\liqui\PycharmProjects\GEDCOM_Parser_Project\gedcom_parser\utils\__pycache__","database_utils.cpython-313.pyc","File",".pyc","8175","19-Feb-25 18:04:48","19-Feb-25 18:04:48"
"C:\Users\liqui\PycharmProjects\GEDCOM_Parser_Project\gedcom_parser\utils\__pycache__\error_handler.cpython-313.pyc","C:\Users\liqui\PycharmProjects\GEDCOM_Parser_Project\gedcom_parser\utils\__pycache__","error_handler.cpython-313.pyc","File",".pyc","761","17-Feb-25 15:56:04","17-Feb-25 15:56:04"
"C:\Users\liqui\PycharmProjects\GEDCOM_Parser_Project\gedcom_parser\utils\__pycache__\utilities.cpython-313.pyc","C:\Users\liqui\PycharmProjects\GEDCOM_Parser_Project\gedcom_parser\utils\__pycache__","utilities.cpython-313.pyc","File",".pyc","7454","17-Feb-25 15:56:03","17-Feb-25 15:56:03"
"C:\Users\liqui\PycharmProjects\GEDCOM_Parser_Project\gedcom_parser\utils\database_utils.py","C:\Users\liqui\PycharmProjects\GEDCOM_Parser_Project\gedcom_parser\utils","database_utils.py","File",".py","319","25-Jun-25 13:26:48","25-Jun-25 13:26:48"
"C:\Users\liqui\PycharmProjects\GEDCOM_Parser_Project\gedcom_parser\utils\error_handler.py","C:\Users\liqui\PycharmProjects\GEDCOM_Parser_Project\gedcom_parser\utils","error_handler.py","File",".py","283","09-Feb-25 23:17:02","17-Feb-25 09:35:33"
"C:\Users\liqui\PycharmProjects\GEDCOM_Parser_Project\gedcom_parser\utils\gedcom_loader.py","C:\Users\liqui\PycharmProjects\GEDCOM_Parser_Project\gedcom_parser\utils","gedcom_loader.py","File",".py","2073","25-Feb-25 13:53:51","25-Jun-25 13:30:34"
"C:\Users\liqui\PycharmProjects\GEDCOM_Parser_Project\gedcom_parser\utils\utilities.py","C:\Users\liqui\PycharmProjects\GEDCOM_Parser_Project\gedcom_parser\utils","utilities.py","File",".py","6450","09-Feb-25 23:18:32","25-Jun-25 13:30:34"
"C:\Users\liqui\PycharmProjects\GEDCOM_Parser_Project\gedcom_parser\utils\validators",,"validators","Directory","",,"23-Feb-25 13:11:50","25-Feb-25 10:17:38"
"C:\Users\liqui\PycharmProjects\GEDCOM_Parser_Project\gedcom_parser\utils\validators\__init__.py","C:\Users\liqui\PycharmProjects\GEDCOM_Parser_Project\gedcom_parser\utils\validators","__init__.py","File",".py","0","23-Feb-25 13:11:50","23-Feb-25 13:11:50"
"C:\Users\liqui\PycharmProjects\GEDCOM_Parser_Project\gedcom_parser\utils\validators\validation.py","C:\Users\liqui\PycharmProjects\GEDCOM_Parser_Project\gedcom_parser\utils\validators","validation.py","File",".py","10346","08-Feb-25 16:02:36","17-Feb-25 20:48:25"
